{"hx3825a923db7174c64b7ca81fcb88dbe22e1003fb": {"balance": 22, "stake": 799991357.2749088, "bond": 0, "delegation": 799991357.2749088}, "hx5b8355dc72a8f6f6f3667980dd46443e8dd0745a": {"balance": 0, "stake": 0, "bond": 0, "delegation": 0}}